"image";"spin";"direction";"speed";"speed_change";"throttle";"steering_angle"
"img0.jpg";-2.301679998636245728e-01;-1.000000000000000000e+00;5.726569890975952148e-01;1.617150008678436279e-01;-5.263200029730796814e-02;4.000000059604644775e-01
"img1.jpg";-2.128009945154190063e-01;-1.000000000000000000e+00;6.044899821281433105e-01;1.636100001633167267e-02;-7.894700020551681519e-02;4.053030014038085938e-01
"img2.jpg";-2.330349981784820557e-01;-1.000000000000000000e+00;6.174499988555908203e-01;1.295999996364116669e-02;-7.894700020551681519e-02;4.089890122413635254e-01
"img3.jpg";-2.295850068330764771e-01;-1.000000000000000000e+00;6.355599761009216309e-01;1.810999959707260132e-02;-5.263200029730796814e-02;4.318709969520568848e-01
"img4.jpg";-2.079669982194900513e-01;-1.000000000000000000e+00;6.467649936676025391e-01;1.120600011199712753e-02;-5.263200029730796814e-02;4.400259852409362793e-01
"img5.jpg";-1.642699986696243286e-01;-1.000000000000000000e+00;6.646609902381896973e-01;1.789600029587745667e-02;-5.263200029730796814e-02;4.398509860038757324e-01
